{
   "log_handlers":{
	   "rotating_file_handler":{
		  "file":"log/hxtool.log",
		  "max_bytes":50000,
		  "backup_count":200,
		  "level":"info",
          "format":"[%(asctime)s] {%(module)s} {%(threadName)s} %(levelname)s - %(message)s"
	   }
	},
   "network":{  
      "ssl":"disabled",
      "port":8080,
      "listen_address":"127.0.0.1"
   },
   "ssl":{ 
      "cert":"hxtool.crt",
      "key":"hxtool.key"
   },
   "background_processor":{  
      "poll_interval":30,
	  "poll_threads":4
   },
   "headers":{
   },
   "cookies":{
   }
}
